{"cameraMode":{"drawMode":0,"name":"Shaded","section":"Shading Mode"},"sceneLighting":true,"audioPlay":false,"sceneViewState":{"m_AlwaysRefresh":false,"showFog":true,"showSkybox":true,"showFlares":true,"showImageEffects":true,"showParticleSystems":true,"showVisualEffectGraphs":true,"m_FxEnabled":true},"in2DMode":false,"pivot":{"x":-0.8705965280532837,"y":-0.5041377544403076,"z":0.002595696598291397},"rotation":{"x":-0.06902019679546356,"y":0.8968842625617981,"z":-0.15101207792758943,"w":-0.40991953015327456},"size":3.5236170291900636,"orthographic":false}